{
    "flow": {
        "mean": 2.1048232499424,
        "std": 15.82581850116424
    },
    "spo2": {
        "mean": 92.77894857992776,
        "std": 8.659172386173056
    },
    "thorax": {
        "mean": 0.690508892883353,
        "std": 6.772222378286575
    }
}